client_id,account_number,name
1,25679230,wgxbupm
2,25679231,yzoysxvw
3,25679232,nryzc
4,25679233,wpqgtdgrpc
5,25679234,mnropnjlac
6,25679235,zvgpjz
7,25679236,cpepms
8,25679237,cenuulzs
9,25679238,kdkgzupet
10,25679239,nfssj
11,25679240,wkbomvwd
12,25679241,oaclajnw
13,25679242,pdzpfjfvmd
14,25679243,cnibge
15,25679244,pgqpkuc
16,25679245,unitpyu
17,25679246,ynupzxghsj
18,25679247,jpfdvoxrt
19,25679248,vnnqgqobl
20,25679249,zspncu
21,25679250,kwqdt
22,25679251,atvuxsme
23,25679252,erwownt
24,25679253,lhjjtgsx
25,25679254,larvwtecap
26,25679255,wzeipsij
27,25679256,vxrbuu
28,25679257,gytofryrw
29,25679258,ftzddwl
30,25679259,raiaj
31,25679260,kslribkgs
32,25679261,mceincp
33,25679262,czxjbwokg
34,25679263,tddanscca
35,25679264,sdewrcovi
36,25679265,ztvzkhl
37,25679266,zwmoah
38,25679267,vyghgrf
39,25679268,rhqxstv
40,25679269,yjmsuc
41,25679270,akhkdmbz
42,25679271,gjsrebsp
43,25679272,elaxygq
44,25679273,prowvug
45,25679274,xvljcgxb
46,25679275,hywbzawmjp
47,25679276,jmtnbd
48,25679277,hshnfzev
49,25679278,fmbiwtdkv
50,25679279,aewkdp