ProductID,Title,Category,Description
1,pxepevuv,Men,fibcaiarix
2,djbwpflds,Women,hamhuypyhokjycuby
3,xjhrgt,Women,matzovujkhyebpxeuq
4,dhkiq,Kids,dagganqsmulijqdnytwb
5,vblomqppr,Kids,paaxzckwhntqs
6,oifbkvopfv,Kids,lvkgkvuyje
7,nejqdhcnn,Kids,gsqeygxnpmpjp
8,okezcr,Women,cuyfqnzbtropyplniv
9,gczfvznwk,Kids,dmhgyagvybaodn
10,mwcrs,Kids,uckwqodbjzka
11,iqqaeepw,Men,vgqxeaggaankl
12,mdectopym,Women,zrvlzjyhnbt
13,panxflmcfd,Men,xtochzljmfqvnt
14,yxqcbelt,Kids,mvnpiqqzfke
15,ngoco,Men,lrafhtemdcm
16,yraewmdoeo,Men,cfjabvhnxves
17,sqsxm,Men,svxmqjdtiszhaiwoczsl
18,fqzexkdee,Kids,msgstziqvurc
19,cmapiadpeg,Women,umrdkxbbskobbu
20,fqkpt,Women,oiqcpjbjxamgawugfam
21,qiybivifu,Men,ovdeullzxfsgeavz
22,zxcogsnuhg,Men,pyxdgnhawinrcbleuaz
23,lleznspv,Kids,btzxgyboupf
24,yvaudovkk,Men,bosnzwqlrcxosu
25,hoczhjtzq,Women,qloocdmkeono
26,wfucwqmxs,Kids,invkqrwnphfvyo
27,apuwfo,Women,dbzjdtrbppismlezhlws
28,hsemotmfb,Kids,cruzvuclzdt
29,hwevt,Women,xbqzrixlrvtcrodg
30,amdvo,Kids,mhyhiwpzfimxo